USE `heptathlon`;

INSERT INTO `famille` (`id_famille`, `nom`) VALUES
(1, 'Short'),
(2, 'Chaussures de course'),
(3, 'Raquette de tennis'),
(4, 'Ballon de football'),
(5, 'Maillot de bain'),
(6, 'Casque de vélo'),
(7, 'Sac de sport'),
(8, 'Planche de surf'),
(9, 'Gants de boxe'),
(10, 'Chaussettes de sport');

INSERT INTO `stock` (`id_stock`, `quantite`) VALUES
(11, 15),
(12, 23),
(13, 34),
(14, 29),
(15, 18),
(16, 42),
(17, 26),
(18, 33),
(19, 21),
(20, 47),

(21, 12),
(22, 48),
(23, 28),
(24, 39),
(25, 22),
(26, 14),
(27, 45),
(28, 30),
(29, 35),
(30, 27),

(31, 41),
(32, 25),
(33, 38),
(34, 19),
(35, 31),
(36, 17),
(37, 24),
(38, 13),
(39, 32),
(40, 20),

(41, 11),
(42, 49),
(43, 36),
(44, 43),
(45, 46),
(46, 37),
(47, 40),
(48, 16),
(49, 50),
(50, 44),

(51, 18),
(52, 23),
(53, 28),
(54, 32),
(55, 11),
(56, 27),
(57, 14),
(58, 37),
(59, 20),
(60, 22),

(61, 15),
(62, 39),
(63, 21),
(64, 12),
(65, 45),
(66, 19),
(67, 34),
(68, 43),
(69, 25),
(70, 46),

(71, 13),
(72, 41),
(73, 26),
(74, 47),
(75, 16),
(76, 33),
(77, 31),
(78, 29),
(79, 30),
(80, 17),

(81, 22),
(82, 48),
(83, 27),
(84, 18),
(85, 38),
(86, 49),
(87, 12),
(88, 45),
(89, 25),
(90, 20),

(91, 31),
(92, 14),
(93, 11),
(94, 37),
(95, 43),
(96, 30),
(97, 36),
(98, 26),
(99, 47),
(100, 32),

(101, 21),
(102, 28),
(103, 23),
(104, 18),
(105, 35),
(106, 42),
(107, 15),
(108, 39),
(109, 12),
(110, 44);

INSERT INTO `article` (`reference`, `prix`, `id_stock`, `id_famille`) VALUES
(11, 19.99, 11, 1),
(12, 22.99, 12, 1),
(13, 20.99, 13, 1),
(14, 18.99, 14, 1),
(15, 21.49, 15, 1),

(21, 49.99, 16, 2),
(22, 55.99, 17, 2),
(23, 52.99, 18, 2),
(24, 50.99, 19, 2),
(25, 54.49, 20, 2),

(31, 79.99, 21, 3),
(32, 85.99, 22, 3),
(33, 82.99, 23, 3),
(34, 80.99, 24, 3),
(35, 84.49, 25, 3),

(41, 24.99, 26, 4),
(42, 28.99, 27, 4),
(43, 25.99, 28, 4),
(44, 23.99, 29, 4),
(45, 27.49, 30, 4),

(51, 14.99, 31, 5),
(52, 12.99, 32, 5),
(53, 15.99, 33, 5),
(54, 13.99, 34, 5),
(55, 16.49, 35, 5),

(61, 34.99, 36, 6),
(62, 32.99, 37, 6),
(63, 35.99, 38, 6),
(64, 33.99, 39, 6),
(65, 36.49, 40, 6),

(71, 29.99, 41, 7),
(72, 27.99, 42, 7),
(73, 30.99, 43, 7),
(74, 28.99, 44, 7),
(75, 31.49, 45, 7),

(81, 89.99, 46, 8),
(82, 92.99, 47, 8),
(83, 90.99, 48, 8),
(84, 88.99, 49, 8),
(85, 91.49, 50, 8),

(91, 24.99, 51, 9),
(92, 22.99, 52, 9),
(93, 25.99, 53, 9),
(94, 23.99, 54, 9),
(95, 26.49, 55, 9),

(101, 6.99, 56, 10),
(102, 7.99, 57, 10),
(103, 6.49, 58, 10),
(104, 5.99, 59, 10),
(105, 7.49, 60, 10);

INSERT INTO `caisse` (`id_caisse`, `nom`) VALUES 
(1, 'Caisse 1'),
(2, 'Caisse 2'),
(3, 'Caisse 3'),
(4, 'Caisse 4'),
(5, 'Caisse 5'),
(6, 'Caisse 6'),
(7, 'Caisse 7'),
(8, 'Caisse 8'),
(9, 'Caisse 9'),
(10, 'Caisse 10');

UNLOCK TABLES;
